[{"name":"Page settings","settings":[{"type":"text","id":"body_padding","label":"Extra global body padding (px)","default":"110"},{"type":"checkbox","id":"use_video","label":"Use video. If unchecked the Main Background Image will be used."},{"type":"text","id":"index_video","label":"Main background Youtube video","default":"https:\/\/youtu.be\/ac7bcdfqdbk"},{"type":"text","id":"index_image","label":"Main background image","default":"background-image.png"}]},{"name":"Collection settings","settings":[{"type":"header","content":"Comma separated list. Case not matter."},{"type":"text","id":"coll_tag_prodtype","label":"Product type tags","default":"t-shirt,trousers"},{"type":"text","id":"coll_tag_color","label":"Colors tags","default":"red,black"},{"type":"text","id":"coll_tag_style","label":"Style tags","default":"striped"},{"type":"checkbox","id":"show_coll_tag_other","label":"Show other tags"},{"type":"text","id":"coll_tag_other","label":"Other tags"}]}]